<?xml version="1.0" encoding="UTF-8"?>
<content xmlns:j="http://www.jahia.org/jahia/1.0" xmlns:jcr="http://www.jcp.org/jcr/1.0">
   <modules jcr:primaryType="jnt:modules">
      <controlled-lists j:dependencies="default"
                                        j:modulePriority="0"
                                        j:moduleType="module"
                                        j:title="Controlled Lists"
                                        jcr:primaryType="jnt:module">
         <portlets jcr:primaryType="jnt:portletFolder"/>
         <files jcr:primaryType="jnt:folder"/>
         <contents jcr:primaryType="jnt:contentFolder">
            <controlled-lists j:contributeTypes="cl:controlledList"
                     j:editableInContribution="true"
                     jcr:mixinTypes="jmix:contributeMode"
                     jcr:primaryType="cl:listsFolder">
               <j:translation_en jcr:language="en"
                                 jcr:mixinTypes="mix:title"
                                 jcr:primaryType="jnt:translation"
                                 jcr:title="Controlled Lists"/>
               <j:translation_de jcr:language="de"
                                 jcr:mixinTypes="mix:title"
                                 jcr:primaryType="jnt:translation"
                                 jcr:title="Kontrollierte Listen"/>
               <j:translation_it jcr:language="it"
                                 jcr:mixinTypes="mix:title"
                                 jcr:primaryType="jnt:translation"
                                 jcr:title="Liste controllate"/>
               <j:translation_fr jcr:language="fr"
                                 jcr:mixinTypes="mix:title"
                                 jcr:primaryType="jnt:translation"
                                 jcr:title="Listes contrôlées"/>
               <j:translation_es jcr:language="es"
                                 jcr:mixinTypes="mix:title"
                                 jcr:primaryType="jnt:translation"
                                 jcr:title="Listas controladas"/>
               <j:translation_de_DE jcr:language="de_DE"
                                    jcr:mixinTypes="mix:title"
                                    jcr:primaryType="jnt:translation"
                                    jcr:title="Kontrollierte Listen"/>
               <j:translation_pt jcr:language="pt"
                                 jcr:mixinTypes="mix:title"
                                 jcr:primaryType="jnt:translation"
                                 jcr:title="Listas controladas"/>
            </controlled-lists>
         </contents>
      </controlled-lists>
   </modules>
</content>
